feature_1,feature_2,feature_3,feature_4,feature_5,feature_6,feature_7,feature_8,category_feature,target
48.56,48.27,48.89,57.02,48.72,35.03,53.32,47.33,B,0
54.35,50.88,51.48,63.49,35.29,44.04,46.86,40.05,B,0
34.58,40.31,68.09,50.74,47.08,41.36,64.05,70.81,B,0
57.83,55.86,44.19,57.11,49.73,52.97,45.0,51.3,B,0
57.33,53.96,35.62,34.95,45.78,54.99,63.33,56.23,B,0
69.58,48.18,56.54,42.72,31.85,55.47,54.89,57.99,C,0
47.5,73.36,41.81,39.01,57.68,64.22,55.06,58.36,C,0
47.33,43.48,42.3,65.27,67.44,56.39,53.43,40.47,A,0
55.81,73.21,56.2,43.91,44.38,41.68,59.52,44.33,B,0
60.57,62.71,33.92,45.98,38.08,55.75,27.73,76.24,A,0
45.64,49.74,54.61,51.41,37.66,37.28,46.8,51.7,B,0
40.74,43.63,49.89,62.69,64.12,44.66,65.63,63.7,B,0
51.06,40.94,48.42,55.65,66.0,50.33,44.94,23.76,A,0
45.26,49.77,36.45,36.4,43.35,49.68,45.83,54.23,C,0
61.78,43.38,45.14,50.35,31.06,72.04,52.58,43.07,A,0
67.46,33.19,59.91,55.91,65.34,57.12,50.52,44.78,B,0
55.68,48.03,36.55,47.64,72.42,44.89,50.51,34.71,C,0
37.66,80.22,43.68,41.32,44.95,49.44,51.44,58.97,C,0
37.43,45.57,65.67,50.71,53.48,51.35,58.78,51.76,C,0
51.12,64.83,51.19,55.19,61.96,44.87,32.73,52.99,B,0
51.65,54.2,40.47,54.41,34.18,53.32,36.66,24.48,A,0
64.98,56.0,51.5,45.43,54.45,61.57,54.05,54.91,B,0
50.03,72.66,31.38,56.95,46.94,49.0,69.02,49.91,A,0
67.39,41.33,55.79,59.97,52.29,59.86,59.11,53.52,B,0
48.33,67.43,39.93,52.93,81.65,41.3,35.05,44.53,A,0
52.58,56.51,65.23,55.86,58.05,53.24,60.82,53.53,C,0
63.98,71.27,55.62,53.09,37.6,41.57,50.47,55.03,C,0
50.32,63.43,42.37,42.89,39.48,43.9,56.2,47.3,C,0
46.92,57.23,59.8,60.55,27.82,56.11,51.26,49.46,C,0
83.3,49.68,56.2,53.08,47.78,73.16,65.07,36.01,B,0
47.66,60.48,41.82,47.72,68.05,48.16,35.4,47.32,C,0
45.49,64.05,54.98,47.99,53.56,53.16,42.47,47.38,C,0
52.24,58.88,42.51,31.91,42.4,49.74,52.71,48.24,C,0
42.86,53.72,67.17,50.38,44.92,44.09,49.3,37.35,B,0
45.48,48.18,64.42,44.81,51.61,52.18,41.36,59.29,B,0
55.98,56.16,64.36,39.43,63.72,33.56,51.88,57.34,A,0
42.23,60.19,69.05,30.88,49.93,27.19,50.5,55.93,A,0
51.65,48.48,49.24,41.05,66.33,42.42,61.99,36.24,B,0
58.4,63.08,47.92,51.89,43.44,51.22,58.09,45.45,A,0
52.49,64.48,43.51,54.81,65.62,57.28,42.92,59.6,C,0
62.31,48.54,54.59,48.16,56.16,48.84,57.64,48.17,A,0
42.43,44.75,52.43,39.57,54.93,49.51,55.24,46.17,A,0
49.85,49.44,61.1,44.39,46.86,33.84,45.45,41.64,A,0
71.37,42.89,39.45,39.69,65.21,65.14,35.19,49.34,B,0
43.15,54.82,57.28,57.49,64.0,44.5,61.33,42.07,B,0
34.26,60.54,47.72,56.48,53.04,36.68,45.26,59.7,C,0
52.56,61.03,64.5,39.63,52.04,53.69,35.91,48.63,B,0
70.52,63.64,50.82,58.58,51.96,44.71,77.54,58.23,C,0
52.28,46.85,37.89,57.22,55.28,64.51,42.53,50.26,C,0
41.93,30.47,63.31,34.0,51.25,43.08,55.15,35.45,B,0
57.2,52.35,56.4,41.0,54.71,35.93,63.41,48.98,B,0
37.89,39.64,31.17,49.43,29.63,43.68,49.55,38.66,B,0
50.21,30.86,47.04,67.09,42.64,50.71,35.3,55.83,A,0
48.81,58.7,44.72,48.64,51.81,65.28,49.01,46.49,B,0
44.55,59.78,67.49,57.21,36.83,60.97,51.87,49.34,C,0
49.21,50.74,40.01,63.43,64.99,30.28,35.51,58.08,C,0
56.58,29.68,42.04,50.59,40.12,50.89,41.27,34.38,C,0
55.71,59.66,59.7,60.03,59.87,51.69,47.85,49.08,C,0
31.91,58.71,53.23,57.06,44.86,59.74,39.25,67.55,B,0
50.24,31.12,49.94,54.13,62.36,51.51,59.28,49.99,C,0
72.81,60.49,52.43,50.63,50.33,69.12,44.66,44.9,B,0
43.75,38.73,53.1,65.19,50.64,43.97,37.03,39.64,A,0
51.04,44.11,45.08,62.19,61.81,44.34,58.13,44.7,C,0
54.27,62.69,53.62,43.48,47.24,41.99,42.74,33.43,C,0
51.88,40.96,41.34,54.19,40.87,49.66,60.89,34.93,A,0
41.33,53.85,58.62,43.01,53.56,55.1,35.64,48.03,C,0
54.44,38.39,39.36,51.11,49.06,42.15,61.24,34.87,A,0
48.02,60.77,50.04,37.01,45.55,42.11,41.14,50.32,B,0
54.22,67.38,38.92,67.37,47.57,42.33,74.27,51.55,A,0
50.55,60.2,43.03,47.48,34.4,52.36,48.23,50.6,B,0
52.72,65.1,45.43,62.39,37.87,52.06,35.23,57.47,B,0
43.44,58.82,47.48,56.79,48.44,41.43,48.9,25.47,C,0
52.77,56.41,34.02,51.59,62.06,48.21,49.05,54.5,A,0
47.29,59.07,44.94,64.85,52.14,52.18,57.83,52.79,A,0
39.17,37.26,51.26,50.94,47.56,61.15,36.0,71.85,B,0
60.63,45.88,54.43,40.9,62.59,56.32,55.37,51.88,C,0
54.01,48.67,50.15,62.78,38.36,56.77,37.28,38.29,B,0
39.7,53.31,69.38,26.63,45.25,63.1,37.33,39.57,A,0
44.47,44.44,56.46,53.62,44.47,48.13,37.17,58.31,B,0
48.14,57.01,45.84,34.98,35.38,54.34,65.63,41.9,C,0
34.75,40.35,51.59,54.67,50.9,55.61,49.46,55.51,A,0
54.32,57.41,49.92,37.02,48.76,55.0,44.17,35.63,B,0
38.33,49.97,52.5,51.38,41.97,53.65,49.99,54.38,C,0
56.73,38.78,87.52,38.01,46.28,43.0,66.27,54.2,B,0
39.27,48.72,44.01,83.5,33.12,57.19,61.06,47.82,B,0
42.56,62.9,55.6,43.03,47.14,42.27,67.25,43.81,C,0
54.18,50.98,49.93,54.96,52.83,30.19,50.22,49.57,C,0
46.76,50.79,36.13,48.39,39.2,50.1,57.47,52.51,A,0
59.65,45.29,48.37,45.18,63.51,47.7,50.39,55.86,C,0
60.2,50.88,53.04,68.95,68.34,65.86,46.53,45.37,C,0
45.94,65.1,40.1,55.81,39.12,51.92,54.0,55.13,C,0
29.46,48.94,55.28,43.94,52.58,39.97,60.9,45.22,A,0
48.27,58.24,18.45,30.82,44.34,50.37,41.07,47.79,C,0
50.79,40.3,68.41,41.73,57.33,49.11,35.4,63.21,B,0
65.91,54.48,44.93,32.45,38.86,59.69,62.09,24.61,B,0
55.07,48.86,58.77,48.06,65.6,61.39,67.8,62.88,A,0
48.23,39.88,46.74,45.22,24.1,55.03,41.89,63.04,C,0
57.81,54.32,44.35,39.02,63.46,46.01,58.8,42.48,C,0
53.67,50.84,34.7,33.47,66.57,49.73,45.83,51.84,C,0
48.69,45.59,54.23,57.3,58.71,51.6,58.84,53.25,B,0
57.51,59.75,33.76,42.86,51.95,53.55,59.57,39.91,A,0
36.77,50.19,51.59,64.16,35.65,53.73,59.01,43.36,B,0
47.42,44.73,41.4,53.3,37.83,42.54,43.25,53.47,B,0
53.09,59.36,42.68,50.77,38.23,44.29,58.36,49.62,C,0
48.99,50.78,61.48,36.98,71.67,46.37,49.43,31.09,B,0
51.16,42.86,52.25,43.34,52.79,57.07,50.6,32.93,C,0
57.41,38.04,61.84,41.78,46.1,60.05,35.75,42.22,A,0
57.5,45.22,44.23,53.39,54.65,30.08,42.15,58.81,B,0
53.73,43.26,55.19,39.77,55.76,34.46,47.38,54.2,A,0
66.52,70.16,60.24,37.64,75.94,46.71,53.21,41.01,B,0
62.36,51.08,35.65,54.19,43.79,38.29,60.43,28.67,A,0
44.86,39.94,32.5,33.66,43.54,62.11,41.48,38.63,B,0
57.14,45.43,45.4,52.99,58.04,47.18,45.48,50.21,C,0
57.24,58.28,42.1,35.53,59.83,46.53,49.72,44.21,B,0
39.35,34.34,32.32,34.28,47.16,65.04,52.21,60.62,A,0
52.81,46.39,45.07,38.47,59.33,48.69,44.8,53.87,A,0
67.7,44.13,55.79,53.76,32.97,29.54,58.56,52.81,A,0
51.56,43.4,56.11,38.85,34.32,40.54,51.84,67.16,C,0
69.77,50.35,53.24,54.16,49.97,56.19,48.79,48.06,A,0
38.92,63.7,48.49,49.06,49.5,55.18,45.68,52.34,A,0
32.84,52.58,45.21,49.6,25.89,49.42,66.84,54.71,C,0
39.03,48.51,53.45,49.21,39.95,51.33,45.46,39.31,B,0
53.67,51.83,47.13,47.68,47.78,63.99,41.54,47.35,C,0
39.21,47.9,46.4,47.19,44.16,31.32,40.02,36.09,C,0
57.04,42.07,57.88,43.32,54.72,41.08,48.89,41.41,B,0
45.08,41.66,63.0,68.54,67.23,57.73,53.76,52.49,C,0
46.32,53.79,73.29,59.22,36.21,44.37,32.77,60.81,B,0
60.8,38.22,63.28,47.33,42.17,60.55,53.39,64.22,A,0
55.33,42.4,45.37,48.29,48.72,57.05,38.42,55.53,C,0
39.15,40.61,72.69,53.78,53.78,43.07,56.59,64.11,B,0
58.19,45.6,52.32,55.05,47.91,46.83,48.48,23.33,A,0
49.83,43.04,42.0,54.41,39.05,61.65,52.17,37.23,A,0
54.32,46.11,50.09,46.81,59.43,55.31,37.86,56.28,B,0
47.57,66.59,58.0,56.95,46.88,64.74,35.22,51.24,A,0
55.31,78.36,56.37,52.28,66.08,44.25,50.73,41.77,A,0
66.56,50.8,54.4,58.73,46.62,38.72,59.06,34.31,A,0
36.86,59.92,39.78,54.33,57.65,54.07,40.81,54.38,C,0
45.7,52.45,58.79,51.16,54.4,36.84,61.07,30.46,A,0
45.64,51.83,40.7,53.98,67.8,59.59,49.81,42.92,A,0
62.56,56.54,43.56,48.75,51.53,40.83,63.91,46.26,A,0
50.48,55.61,54.42,62.84,50.94,35.43,57.61,65.44,B,0
37.45,52.89,36.73,42.76,60.59,40.31,58.8,49.25,C,0
45.65,59.85,36.14,52.74,53.84,37.18,47.65,53.15,B,0
46.73,51.02,51.96,46.52,62.93,35.19,41.08,42.13,B,0
28.26,37.99,49.8,47.11,60.95,42.96,55.16,62.62,C,0
52.09,52.9,67.05,62.97,41.23,63.18,43.85,49.82,A,0
41.92,20.39,36.44,47.93,35.33,66.88,36.88,61.22,C,0
35.59,39.82,47.78,47.05,62.48,58.43,46.58,65.67,C,0
63.25,46.99,52.42,53.34,38.48,30.91,44.6,63.58,C,0
39.54,58.44,57.96,46.73,37.34,62.39,55.76,36.27,C,0
72.07,49.61,62.4,58.25,48.08,49.9,41.12,72.91,B,0
60.92,46.27,50.8,55.38,67.07,58.99,63.82,60.19,C,0
52.07,48.15,41.16,64.58,56.61,57.13,59.88,66.07,C,0
52.18,44.39,40.49,53.93,46.71,43.41,42.31,52.81,C,0
51.54,42.86,51.77,75.9,54.64,28.86,55.19,64.14,C,0
61.08,48.91,48.05,59.61,24.35,45.53,57.33,33.59,A,0
52.29,47.66,40.44,51.17,64.44,43.67,44.87,49.48,A,0
50.66,42.05,54.68,46.84,27.65,59.26,51.91,60.78,B,0
59.38,45.62,42.3,55.86,46.88,52.71,51.4,58.65,A,0
57.7,37.73,51.4,44.74,45.68,68.31,48.18,44.84,C,0
36.44,52.67,51.63,48.91,51.22,55.56,62.75,44.97,B,0
56.31,55.3,49.01,52.97,34.43,58.58,45.33,51.29,B,0
48.51,48.96,42.59,49.28,56.57,58.31,44.43,45.1,B,0
55.7,63.72,40.65,48.61,62.0,46.38,52.7,38.41,A,0
41.3,57.16,31.47,28.8,49.96,51.81,52.2,41.07,C,0
47.42,46.1,35.36,41.72,56.23,56.93,42.42,62.18,C,0
34.96,53.4,37.64,36.55,65.96,56.68,41.96,52.19,A,0
55.32,29.86,46.55,57.89,35.25,60.97,47.31,50.45,C,0
53.4,58.76,53.86,30.33,47.46,54.49,35.82,65.48,C,0
26.74,59.26,46.59,55.45,46.59,41.06,52.31,42.47,A,0
49.42,45.99,35.13,38.84,41.55,47.52,62.88,57.09,B,0
35.01,55.3,55.42,59.38,34.77,55.25,61.74,42.72,B,0
45.7,77.64,53.74,48.73,43.83,42.77,54.76,35.69,A,0
58.53,60.69,50.52,47.39,65.84,57.12,43.44,57.32,C,0
55.65,51.17,40.84,52.98,46.25,51.38,56.2,57.28,B,0
45.53,43.88,62.34,60.67,40.11,50.06,42.79,47.06,B,0
48.02,43.34,38.26,40.05,56.68,49.94,52.58,52.95,A,0
58.73,43.55,62.89,57.93,54.96,42.76,47.89,53.0,C,0
47.88,58.18,58.63,63.14,48.1,44.12,45.41,55.45,A,0
51.92,42.9,40.54,50.36,39.91,45.08,55.24,49.44,A,0
59.23,54.05,47.65,38.83,41.31,55.46,45.39,47.65,B,0
43.15,41.47,46.09,41.68,62.54,37.92,45.95,45.12,A,0
29.96,59.03,54.84,51.76,53.43,54.92,43.07,64.11,B,0
61.44,46.08,49.14,53.96,58.28,73.62,47.86,63.84,C,0
38.44,47.53,61.66,70.79,58.3,62.09,47.5,36.6,C,0
69.3,55.11,71.26,61.9,51.03,42.23,53.18,62.64,C,0
42.46,41.0,44.23,44.07,61.06,46.91,55.12,35.69,B,0
35.37,54.4,55.66,58.68,41.11,52.02,62.32,65.61,B,0
48.03,30.24,55.23,49.18,41.18,59.33,45.28,60.17,B,0
44.76,51.72,72.91,57.54,56.84,42.16,70.98,44.99,B,0
64.62,43.54,52.17,55.48,61.21,49.72,58.5,41.92,A,0
61.17,46.0,56.81,48.55,48.06,52.57,29.32,50.66,C,0
46.16,42.75,54.76,50.24,55.22,55.84,43.24,57.59,A,0
39.46,57.6,54.33,61.93,60.6,55.28,50.73,41.93,C,0
47.87,45.44,59.88,48.44,52.53,41.26,65.55,43.72,A,0
41.9,43.92,52.73,50.71,45.91,32.42,44.36,49.31,C,0
64.78,67.82,45.83,59.08,35.7,37.15,40.11,43.39,C,0
34.62,46.83,44.34,67.5,39.87,61.02,63.13,48.33,C,0
59.78,39.86,43.56,45.51,35.05,27.82,43.67,46.6,A,0
44.71,46.94,40.42,39.92,53.07,45.25,48.93,47.7,C,0
51.51,51.25,47.77,55.28,46.25,40.43,53.52,27.77,C,0
47.79,34.52,37.26,48.5,61.41,49.87,32.08,67.51,B,0
57.79,45.2,39.52,63.63,47.39,35.88,45.21,37.14,A,0
57.8,47.86,42.85,72.73,67.07,48.09,45.72,35.3,B,0
46.21,58.45,66.29,42.79,49.25,55.04,45.65,41.25,B,0
60.36,27.39,52.79,42.2,46.29,65.39,43.85,58.89,B,0
49.88,43.06,53.74,42.98,42.64,46.98,62.71,60.41,A,0
50.71,64.87,36.02,47.24,59.77,53.34,49.06,45.49,A,0
62.64,50.41,59.22,45.6,68.84,41.85,43.4,50.94,B,0
43.77,62.99,53.63,47.63,38.94,44.44,46.05,26.84,A,0
33.42,59.41,52.49,48.9,59.08,34.91,56.48,65.31,B,0
50.98,49.05,45.66,48.03,58.14,49.13,62.49,49.14,B,0
54.12,46.56,42.02,49.79,53.24,41.64,48.29,35.65,C,0
56.37,65.04,53.28,37.47,50.28,43.79,63.19,33.25,B,0
45.76,49.59,46.89,44.41,55.61,56.84,50.1,57.77,A,0
42.56,52.59,43.66,61.6,43.01,46.56,45.34,55.67,C,0
56.31,55.79,40.21,56.62,62.33,40.45,48.13,54.64,B,0
45.24,55.22,61.0,46.98,21.21,58.37,39.09,61.1,B,0
50.83,32.02,57.75,34.94,44.3,37.81,52.84,38.12,C,0
48.84,46.14,46.72,48.6,38.66,46.5,44.89,47.49,B,0
56.59,41.45,43.26,35.61,28.64,51.5,46.81,51.14,A,0
38.99,49.08,60.42,53.95,55.61,34.98,35.38,61.2,C,0
50.78,53.82,36.22,57.16,46.59,49.1,73.03,31.96,B,0
60.05,52.03,52.03,33.08,64.28,48.04,22.42,65.08,B,0
28.84,57.09,47.06,52.85,69.86,45.45,63.31,64.72,A,0
55.39,61.18,34.13,47.09,50.14,50.82,58.33,51.2,C,0
47.97,39.69,44.76,54.97,44.37,51.42,57.69,68.9,A,0
64.39,52.95,32.39,34.49,55.69,45.24,62.24,55.51,B,0
37.26,41.01,65.66,54.95,44.03,54.21,54.08,69.54,A,0
70.2,74.46,52.21,72.17,38.35,43.96,52.61,31.71,A,0
48.22,55.27,46.22,44.03,48.89,53.37,69.51,43.46,A,0
42.58,42.49,23.23,50.74,63.92,44.65,51.95,41.46,B,0
42.92,54.6,55.02,61.37,50.41,57.13,53.49,45.64,B,0
61.06,43.44,62.51,47.43,54.96,55.57,54.17,63.81,B,0
52.52,46.39,48.97,43.58,48.27,64.87,33.77,37.74,A,0
54.48,37.47,46.69,43.84,55.57,71.07,42.82,70.68,A,0
73.61,40.16,79.16,76.47,42.61,50.98,44.64,45.87,A,0
33.63,44.44,40.96,58.42,45.06,56.02,38.31,49.06,A,0
55.22,34.86,50.64,41.24,52.51,58.29,69.16,55.66,C,0
54.73,56.17,62.07,44.76,45.0,52.85,45.3,58.57,A,0
35.42,50.06,46.93,42.92,61.33,26.53,42.69,40.97,A,0
48.99,40.74,58.02,59.69,58.45,69.21,75.06,48.47,C,0
68.93,54.08,63.98,44.98,50.93,39.73,53.99,43.94,C,0
54.09,55.71,46.6,50.96,34.89,32.25,62.52,42.35,A,0
62.66,50.53,62.24,50.91,45.74,77.21,68.21,51.97,C,0
28.52,60.01,59.62,70.2,42.66,48.87,44.43,44.79,B,0
48.91,60.0,42.87,57.31,22.08,37.92,52.29,65.01,A,0
38.76,33.74,50.27,45.58,40.79,58.73,51.29,50.48,A,0
66.77,59.59,44.5,42.91,76.72,46.17,67.7,36.23,A,0
54.83,69.54,58.64,42.62,53.76,51.13,69.13,40.34,C,0
46.57,44.73,51.05,48.57,51.48,55.38,57.97,33.25,A,0
46.07,62.27,32.22,42.08,44.48,38.82,37.77,60.94,C,0
48.09,38.37,53.28,49.47,32.37,57.36,40.77,64.42,C,0
36.27,60.42,57.85,51.48,61.6,49.46,35.32,68.73,B,0
55.22,62.21,37.46,61.77,47.88,57.22,57.07,53.52,B,0
46.62,36.23,49.43,41.29,50.8,50.63,46.62,58.82,B,0
53.42,52.56,38.42,55.36,45.34,49.64,60.75,56.79,C,0
42.77,44.88,43.76,55.48,46.8,52.73,67.65,37.37,A,0
44.52,47.34,46.0,53.72,46.32,61.06,59.85,54.13,B,0
44.63,66.63,34.55,68.4,47.87,38.49,41.78,42.6,A,0
41.79,72.96,43.13,62.1,52.98,41.57,40.67,65.84,C,0
55.34,49.13,39.58,71.91,52.64,58.27,75.68,44.19,B,0
48.66,35.91,67.1,46.49,46.28,57.21,52.13,40.71,C,0
60.66,82.66,57.28,65.46,65.89,52.71,56.42,47.59,B,0
51.85,46.7,60.26,35.45,47.45,45.15,47.51,57.22,A,0
46.18,32.78,77.34,63.71,39.97,51.32,27.52,49.07,C,0
47.62,51.34,65.25,46.93,55.12,37.59,54.13,47.53,A,0
44.86,42.17,48.19,47.6,64.96,48.45,36.5,59.86,B,0
53.58,52.81,52.9,66.32,35.75,44.56,51.75,59.52,B,0
51.86,36.8,40.8,49.97,54.64,50.72,27.93,62.87,A,0
57.91,35.88,44.69,57.47,52.59,38.15,47.38,53.7,C,0
47.12,41.72,44.34,67.33,64.58,62.87,41.01,37.95,A,0
64.86,43.0,37.39,48.73,44.86,59.21,32.63,54.22,C,0
55.73,63.11,47.78,51.01,45.0,45.64,41.7,44.57,C,0
51.77,57.88,44.89,32.92,34.15,41.63,40.71,47.81,A,0
42.47,52.06,57.96,40.69,41.35,39.66,39.82,41.44,B,0
43.38,58.87,57.0,63.23,57.0,28.72,37.4,41.98,B,0
56.3,55.76,56.28,64.04,39.62,49.29,56.37,57.5,A,0
37.63,51.04,70.19,38.76,52.8,55.35,48.44,56.25,B,0
35.35,36.34,60.99,46.57,53.33,59.26,36.52,44.51,B,0
45.87,40.49,56.2,40.22,52.17,51.24,50.58,41.71,B,0
51.3,58.15,52.48,37.33,51.65,38.42,36.99,49.12,B,0
52.93,31.61,37.54,63.81,65.39,54.12,21.0,41.31,A,0
48.72,35.49,50.32,70.38,57.65,51.57,52.76,46.75,A,0
51.18,42.74,54.96,37.64,40.69,62.71,45.95,45.54,A,0
53.98,32.11,54.44,37.79,36.8,47.28,63.64,74.22,B,0
48.07,57.65,68.27,27.35,48.08,45.96,67.07,45.93,A,0
70.07,49.05,64.01,64.35,50.03,65.77,58.01,35.09,C,0
45.67,53.46,40.53,39.61,47.19,52.8,54.73,33.55,B,0
41.96,49.21,58.84,46.26,58.47,47.26,67.25,50.27,C,0
72.31,64.78,39.76,38.41,60.48,35.59,28.98,65.73,A,0
41.17,50.29,47.36,62.31,63.34,64.31,55.05,29.42,A,0
63.45,53.99,50.94,48.45,55.3,47.48,20.14,58.37,B,0
54.51,64.59,59.79,60.68,62.57,69.54,47.81,64.42,B,0
62.84,57.32,48.07,47.37,38.67,38.58,50.35,39.42,A,0
49.87,49.55,44.72,50.77,52.25,64.93,65.4,50.9,A,0
60.45,49.22,52.59,52.83,37.98,60.86,56.94,55.2,B,0
61.22,63.08,50.11,44.66,55.55,49.75,48.72,49.75,C,0
54.78,57.98,53.82,66.16,62.12,43.33,43.45,52.48,A,0
53.27,53.95,48.83,40.77,34.02,57.6,50.2,64.38,A,0
37.22,45.54,36.45,39.13,42.91,31.93,45.39,42.89,C,0
44.94,45.98,38.79,59.07,53.75,32.63,50.66,59.85,A,0
36.57,50.04,22.86,45.12,73.23,48.08,63.41,64.64,C,0
38.95,56.0,55.26,59.98,53.88,49.69,48.58,49.13,A,0
53.42,50.87,52.9,38.47,41.85,41.48,36.59,57.88,A,0
42.11,40.4,52.4,53.42,69.81,60.73,55.74,49.07,B,0
39.03,58.99,57.66,36.96,64.17,56.25,47.57,30.79,A,0
50.79,72.73,60.27,59.17,63.93,55.02,46.61,44.79,A,0
45.93,34.99,62.74,71.19,32.7,47.48,48.9,44.06,A,0
49.97,29.67,49.46,45.02,57.3,44.69,39.0,55.23,B,0
46.93,37.25,59.75,55.13,42.49,59.06,41.26,46.09,B,0
53.1,29.03,47.73,45.6,49.96,49.28,50.99,48.78,A,0
40.33,51.73,63.59,68.72,57.93,40.1,64.09,41.54,B,0
51.2,57.46,57.58,45.57,55.98,38.44,60.94,60.2,A,0
57.76,66.31,74.65,47.11,60.15,54.69,46.11,68.91,B,0
59.46,55.71,44.36,56.09,53.53,33.98,50.45,59.57,B,0
67.29,49.76,48.62,37.5,51.63,44.52,52.0,49.09,C,0
39.11,65.73,67.6,32.88,64.63,50.13,59.39,36.9,A,0
57.94,77.45,27.68,62.31,55.46,49.05,49.44,52.94,A,0
59.68,42.71,47.07,40.8,54.16,49.33,54.42,53.03,B,0
61.55,55.87,26.32,60.25,50.65,57.75,42.86,66.49,C,0
54.37,42.26,43.02,52.13,55.07,48.12,50.61,45.23,A,0
55.74,59.62,39.69,56.87,56.65,48.5,47.19,57.33,A,0
65.3,59.77,44.78,64.72,44.46,45.79,53.52,45.56,C,0
50.1,59.38,35.02,48.73,48.05,80.52,59.99,51.98,B,0
38.13,45.65,53.84,52.6,51.38,45.1,66.14,56.58,A,0
62.69,63.64,40.2,60.15,41.88,39.57,48.99,68.28,A,0
56.64,49.88,38.93,35.55,66.24,60.59,51.85,45.23,B,0
71.57,57.1,35.34,56.55,40.18,50.24,41.63,54.16,A,0
48.3,60.73,58.21,61.09,39.29,40.32,29.29,50.14,B,0
57.51,53.03,54.34,55.06,59.15,41.9,37.74,36.82,A,0
67.41,48.84,42.06,59.71,28.02,52.12,40.09,49.85,A,0
63.3,52.2,67.94,53.34,46.49,67.84,40.74,51.66,C,0
77.01,49.93,61.83,58.61,48.09,68.31,52.94,48.31,A,0
24.68,36.96,32.12,65.09,56.17,49.67,50.74,58.72,C,0
42.84,29.04,65.29,52.74,62.19,45.83,44.04,47.51,B,0
44.0,48.37,53.3,50.8,48.39,48.8,41.11,51.24,C,0
51.59,55.04,45.38,28.07,54.94,42.66,63.17,51.82,A,0
52.95,30.87,66.29,30.48,33.28,67.02,46.34,52.82,B,0
37.98,74.5,48.81,39.35,42.59,41.13,43.57,64.29,C,0
42.02,28.44,51.64,43.08,44.74,46.71,44.66,64.31,A,0
50.26,50.54,46.13,37.55,60.16,36.16,44.22,47.39,B,0
73.03,37.54,52.35,62.7,55.08,47.87,49.78,42.63,B,0
60.27,68.1,63.33,58.31,36.61,34.0,42.59,52.58,A,0
46.75,41.3,53.68,34.46,60.25,53.2,44.72,52.92,B,0
40.25,50.42,45.57,48.68,30.19,52.57,41.11,37.61,A,0
32.91,55.4,51.97,50.42,49.67,54.69,38.59,67.54,A,0
48.58,37.5,53.55,47.36,38.55,42.32,47.51,50.27,C,0
60.69,68.08,52.55,53.86,51.79,56.24,44.79,34.87,C,0
35.76,46.33,48.68,54.29,40.12,57.87,46.66,50.19,A,0
42.5,53.67,42.89,38.48,50.71,52.17,53.96,57.3,A,0
45.11,50.82,52.45,38.99,56.2,45.19,43.78,42.3,B,0
57.22,43.67,42.63,52.61,43.01,51.56,49.58,53.54,C,0
47.9,46.32,43.06,60.38,63.12,47.56,31.91,43.66,C,0
39.2,56.06,57.61,41.58,58.37,42.3,68.99,60.28,C,0
62.71,52.82,37.05,48.63,55.62,49.39,60.37,46.58,A,0
67.9,46.84,57.36,57.48,60.66,49.21,64.05,49.76,C,0
48.91,71.96,53.2,48.09,42.32,56.51,46.3,57.14,B,0
51.37,49.22,45.92,37.33,50.97,45.21,57.62,60.44,C,0
51.25,26.34,61.46,44.16,56.61,54.87,41.05,47.96,B,0
48.71,64.53,39.82,45.05,54.77,58.97,38.87,39.78,B,0
70.37,55.06,46.39,56.42,49.4,27.49,51.61,48.78,B,0
42.81,67.84,59.56,38.18,57.09,48.76,44.85,65.68,B,0
48.74,60.31,46.06,44.89,54.48,68.09,49.04,33.15,B,0
55.19,39.14,54.67,57.26,44.61,49.77,62.22,33.46,A,0
59.41,68.1,51.05,53.28,53.15,50.66,45.74,55.12,B,0
55.29,39.38,46.61,46.13,59.48,51.84,44.81,46.52,B,0
42.07,45.18,60.97,68.15,49.9,34.72,47.84,59.65,A,0
60.56,36.17,51.57,56.9,51.06,56.72,43.04,40.22,C,0
71.99,51.23,41.85,39.16,57.62,50.41,52.9,41.97,C,0
43.45,41.8,43.39,56.49,49.86,61.21,41.76,33.27,B,0
48.95,49.39,76.06,49.91,56.84,39.13,43.22,45.47,C,0
52.83,52.28,64.27,48.95,55.02,44.05,44.89,29.51,B,0
54.56,61.18,50.21,53.41,61.38,35.76,42.77,54.97,A,0
47.38,35.64,57.75,49.88,41.36,54.85,65.31,53.45,C,0
53.69,41.61,46.53,35.17,42.66,41.32,58.78,46.57,B,0
60.81,34.18,54.51,45.57,54.28,53.01,49.01,68.15,A,0
70.26,42.98,45.99,44.15,53.38,69.97,31.68,60.0,B,0
49.45,58.33,56.7,40.93,58.84,40.15,53.61,48.68,A,0
29.89,49.94,43.8,55.7,68.5,56.54,54.35,55.08,B,0
71.07,48.3,55.54,49.53,54.09,45.2,57.86,54.37,A,0
48.66,53.19,43.45,52.03,51.93,37.04,59.54,64.72,A,0
57.33,57.75,40.44,54.54,49.04,50.14,34.17,46.59,A,0
63.09,39.44,48.13,49.63,66.26,50.42,53.04,70.24,B,0
56.78,57.13,44.87,46.8,53.77,42.47,45.91,65.6,C,0
39.46,48.39,47.93,45.06,61.6,49.72,50.0,44.0,B,0
57.08,50.85,56.86,49.35,61.74,51.63,61.27,61.01,A,0
39.88,60.1,51.86,36.15,47.4,48.26,64.8,61.95,A,0
46.16,40.35,40.81,58.6,44.31,50.92,45.24,36.72,B,0
45.94,52.2,36.15,48.22,46.83,40.08,59.62,42.88,C,0
53.63,53.32,55.23,54.12,52.43,57.43,43.36,49.03,C,0
45.01,53.18,29.03,43.46,45.67,39.4,50.16,51.59,A,0
65.83,39.51,47.23,45.04,60.11,56.42,49.24,45.44,B,0
43.19,41.3,57.75,48.89,67.42,55.67,63.75,36.1,B,0
52.76,41.79,49.68,45.54,50.16,46.94,58.82,38.17,A,0
39.94,68.67,57.59,47.8,48.97,40.4,47.3,54.11,B,0
57.74,48.13,35.31,62.83,54.46,36.24,51.42,45.31,C,0
45.83,22.05,52.61,46.12,59.74,43.92,40.25,45.49,C,0
43.14,56.46,64.94,52.74,64.22,27.12,65.33,66.46,A,0
58.2,43.0,63.45,55.65,70.08,51.56,33.7,47.44,C,0
24.66,39.03,45.61,42.04,34.63,47.75,62.16,58.29,A,0
35.33,51.67,46.42,45.6,59.75,31.29,48.84,49.0,A,0
38.75,49.61,43.99,50.16,50.08,41.21,46.07,57.05,C,0
52.45,64.15,43.99,54.18,32.61,54.57,31.33,56.31,B,0
38.67,75.71,49.94,48.11,47.78,51.54,32.18,44.32,C,0
63.87,46.73,59.91,41.81,43.77,40.89,39.91,65.72,A,0
55.02,42.55,51.48,36.54,48.02,40.71,45.67,51.33,C,0
51.61,59.0,62.43,27.35,46.83,61.73,49.09,47.08,A,0
31.45,50.88,49.52,39.75,49.82,56.6,64.19,63.45,A,0
33.19,54.65,49.01,45.33,30.36,61.7,56.96,38.63,B,0
37.13,53.53,24.24,49.32,66.32,50.44,39.94,46.5,C,0
38.15,51.28,55.49,47.03,35.74,42.33,56.85,57.15,C,0
43.08,44.55,57.65,42.94,38.1,40.29,50.11,60.07,B,0
60.79,47.98,56.9,57.67,44.87,34.2,45.3,64.82,B,0
44.44,27.25,45.5,45.04,44.11,44.17,41.58,62.34,C,0
35.19,29.6,34.61,49.62,47.82,54.45,43.14,59.16,C,0
64.73,44.45,40.29,31.17,29.97,45.67,48.58,50.75,A,0
55.53,50.89,46.79,44.14,50.01,44.08,48.27,57.4,A,0
46.95,42.21,50.06,47.44,51.82,45.72,61.08,37.91,A,0
49.39,37.18,51.36,67.46,52.49,42.15,38.31,30.37,B,0
34.75,58.82,39.7,26.14,65.57,55.47,55.86,69.29,B,0
60.61,30.7,45.94,36.14,50.4,37.43,36.22,39.53,A,0
48.29,56.01,47.36,44.13,55.53,60.66,42.42,57.38,C,0
49.47,55.9,50.6,49.12,26.98,54.94,72.26,55.71,C,0
72.04,57.29,38.99,40.22,36.98,50.77,39.0,63.62,B,0
25.23,46.01,32.58,47.73,56.75,60.54,42.38,55.29,A,0
45.35,42.33,43.38,73.59,41.64,42.32,34.52,43.72,C,0
64.85,50.82,29.58,57.26,39.47,40.87,64.65,46.13,B,0
36.89,62.1,55.83,55.03,49.64,47.79,32.94,48.19,C,0
53.54,39.73,70.57,55.82,54.24,61.24,55.74,48.06,C,0
36.26,47.09,53.44,63.67,53.49,64.8,53.48,44.17,C,0
61.89,38.64,33.08,57.29,63.69,56.66,65.71,52.36,A,0
52.85,51.75,53.5,37.71,43.59,46.74,49.46,59.9,C,0
42.8,54.93,46.14,53.21,65.95,50.59,65.26,56.41,A,0
48.82,46.3,54.26,47.93,51.95,41.76,64.57,58.8,B,0
36.34,62.6,55.72,51.12,53.12,66.28,55.64,31.37,B,0
55.4,48.62,40.22,30.11,54.51,34.48,32.93,67.48,C,0
53.9,46.09,62.59,53.38,40.09,57.78,55.91,53.5,C,0
57.55,44.77,37.71,57.52,44.09,49.53,53.46,68.66,A,0
61.21,59.83,46.95,48.63,50.2,19.63,36.29,45.65,A,0
49.06,53.61,63.12,59.31,41.07,50.72,60.11,60.53,A,0
49.17,53.71,54.01,60.82,43.06,62.93,48.0,44.61,C,0
44.25,56.56,49.11,50.43,50.17,57.07,49.32,39.32,B,0
60.8,62.14,58.03,42.26,44.61,56.62,44.11,48.02,C,0
57.06,54.0,59.73,31.32,55.37,65.35,38.72,38.48,A,0
58.28,38.54,55.04,37.85,50.83,43.13,57.57,51.77,C,0
32.99,53.01,45.27,55.31,52.25,33.9,47.15,60.81,C,0
58.01,55.12,57.37,50.49,77.6,43.65,43.24,34.59,A,0
44.07,52.08,63.92,45.35,65.98,46.71,40.62,50.98,A,0
50.52,42.76,49.34,57.27,44.09,39.47,52.55,40.42,B,0
52.1,48.07,47.22,46.25,63.89,47.21,47.58,66.28,C,0
44.06,48.3,44.57,42.16,39.16,34.4,40.34,48.98,A,0
40.72,49.04,57.79,41.47,36.47,51.53,44.53,49.94,A,0
51.51,61.93,48.9,55.6,57.46,61.34,56.01,36.57,B,0
55.99,35.2,38.66,51.32,51.45,55.75,51.07,48.15,A,0
59.3,59.64,57.94,58.98,54.36,46.43,61.35,69.56,C,0
63.06,46.49,48.21,49.25,47.2,35.54,49.12,54.14,B,0
41.14,42.99,43.01,50.81,45.3,52.95,35.17,41.52,C,0
45.79,43.39,48.52,40.96,37.2,53.85,51.25,59.79,A,0
62.1,51.26,62.79,41.81,56.31,37.91,59.48,69.33,C,0
66.98,54.25,45.0,49.9,44.75,50.59,35.08,38.65,C,0
42.81,40.2,47.95,52.17,42.91,48.66,55.7,33.29,B,0
39.33,64.59,65.95,39.58,40.65,45.15,49.52,67.03,A,0
45.75,70.02,44.56,53.51,45.52,32.93,45.58,47.64,A,0
45.2,54.79,53.43,40.34,58.26,56.54,43.31,46.02,C,0
41.54,54.41,47.58,64.91,50.32,39.68,52.42,38.78,B,0
39.28,45.83,63.1,49.05,51.53,40.04,62.91,65.23,A,0
49.85,39.12,48.14,44.36,52.24,59.87,43.33,60.74,C,0
48.69,47.0,39.1,59.12,56.24,32.46,36.67,52.4,A,0
56.52,52.77,52.43,51.34,28.44,69.17,40.85,42.04,C,0
53.35,49.22,50.92,43.86,48.53,50.05,63.65,31.35,C,0
49.41,52.55,40.23,42.95,50.7,56.05,57.21,51.66,A,0
54.21,49.35,48.36,59.96,45.07,41.07,50.54,51.67,C,0
53.95,51.82,45.95,68.38,57.96,45.29,57.83,48.16,C,0
60.72,47.47,49.2,50.55,55.39,60.59,38.97,45.74,B,0
67.03,44.11,69.69,44.51,55.05,37.94,41.06,25.57,C,0
42.57,50.77,40.77,64.62,41.12,30.64,57.42,41.26,B,0
62.91,55.84,65.02,49.45,51.1,58.64,61.59,46.67,A,0
47.62,42.55,47.66,59.81,49.93,40.85,44.09,47.89,B,0
37.16,66.87,47.1,74.07,41.05,29.97,43.33,50.04,C,0
70.47,79.41,72.97,92.58,75.81,60.36,71.1,64.04,A,1
62.04,54.18,54.6,56.62,66.59,69.09,53.39,71.86,B,1
89.86,55.21,61.42,65.66,78.35,88.61,57.94,69.16,C,1
80.15,80.57,44.81,83.2,80.85,72.25,83.27,54.04,B,1
88.37,67.27,52.23,74.55,78.23,70.61,60.7,64.81,C,1
74.99,64.11,69.23,79.48,80.63,67.17,75.08,81.53,B,1
66.47,58.97,75.92,62.3,72.71,75.76,62.32,66.03,A,1
66.05,48.7,47.78,61.95,77.16,90.31,69.02,56.45,A,1
76.28,82.65,93.34,69.35,50.95,67.96,72.23,60.11,C,1
72.36,67.09,75.83,74.18,71.98,78.98,72.86,65.42,C,1
64.24,79.79,44.16,59.7,69.88,72.4,87.45,86.65,C,1
74.95,84.92,65.6,64.01,72.13,58.96,63.56,57.71,C,1
65.42,71.59,59.88,61.23,93.27,63.49,52.5,48.69,B,1
59.39,58.52,72.69,66.25,74.54,77.35,65.94,79.09,B,1
60.5,62.6,85.92,56.44,88.46,62.52,56.99,68.28,A,1
71.05,72.37,67.54,52.5,87.35,63.19,76.35,73.5,A,1
93.27,85.93,66.06,70.67,71.92,55.5,75.62,69.86,C,1
79.81,84.49,77.77,63.19,70.16,79.81,65.54,65.46,A,1
87.43,73.16,76.8,61.81,37.77,74.86,60.74,67.59,B,1
89.31,91.94,54.44,66.08,50.79,75.38,79.2,61.06,C,1
63.39,62.06,61.43,82.25,74.37,57.8,63.81,76.95,B,1
84.58,70.97,70.34,63.51,66.6,84.46,64.68,57.09,B,1
63.73,89.46,74.8,54.55,74.38,55.52,79.34,92.99,B,1
64.35,74.4,69.04,58.11,63.23,76.49,62.16,74.17,C,1
76.45,52.95,65.72,89.31,74.47,58.45,74.61,63.94,B,1
80.17,78.45,52.18,75.45,59.46,70.53,88.31,95.92,A,1
72.18,75.13,67.71,88.88,68.75,61.35,78.18,81.36,B,1
51.53,80.12,58.44,70.12,69.0,67.12,87.51,79.66,A,1
89.47,77.15,82.19,75.86,78.18,91.53,79.24,49.46,A,1
88.76,66.98,45.58,91.58,70.69,108.73,76.14,88.58,A,1
36.26,65.49,52.11,73.08,65.97,79.8,67.57,67.44,C,1
60.91,68.8,64.85,63.89,88.22,54.44,71.18,75.75,C,1
68.09,70.84,74.38,54.71,62.9,75.45,85.53,66.92,C,1
54.03,72.5,66.41,73.76,72.88,74.39,49.62,51.19,C,1
80.46,74.14,78.45,82.25,80.84,78.67,63.75,84.01,C,1
70.91,48.3,62.72,72.95,65.79,59.51,87.01,89.23,B,1
65.87,55.21,56.57,66.31,56.27,63.88,63.98,82.07,C,1
83.11,62.19,76.32,72.92,67.34,79.0,69.69,70.34,C,1
50.49,69.27,82.37,58.8,59.03,82.59,68.13,73.92,C,1
73.27,62.93,61.67,51.33,75.55,78.07,61.07,75.68,A,1
65.59,69.35,73.23,64.56,75.65,64.24,64.55,70.5,C,1
62.51,60.75,53.25,71.06,66.79,67.95,73.49,88.77,A,1
77.43,66.51,44.84,71.36,88.9,80.38,84.23,75.71,B,1
79.33,50.81,85.52,75.95,50.79,66.46,72.45,65.83,A,1
75.26,68.67,67.7,55.4,75.45,83.62,70.13,86.81,A,1
55.68,64.5,69.5,49.55,54.06,61.68,66.28,57.89,A,1
73.78,76.56,61.13,76.31,93.53,106.15,59.52,73.92,B,1
31.27,57.39,76.95,59.76,54.97,53.33,66.03,77.97,C,1
74.59,89.92,78.22,65.89,82.69,66.88,54.58,81.64,B,1
58.05,61.8,80.16,69.58,67.36,78.08,71.55,68.02,C,1
81.81,45.82,54.43,68.9,65.19,67.68,63.22,71.72,B,1
59.36,81.75,72.34,91.78,80.16,76.62,86.99,60.36,C,1
63.77,82.29,44.37,71.89,63.52,48.76,84.21,79.7,A,1
68.11,54.39,73.59,71.93,71.45,59.0,75.1,58.64,A,1
75.88,63.72,60.65,56.65,90.75,71.49,62.43,76.89,A,1
63.47,84.04,61.38,86.44,80.26,84.74,101.93,69.47,C,1
65.36,67.63,50.81,78.74,76.49,78.71,50.38,73.0,C,1
65.92,73.0,49.31,69.76,74.41,74.72,57.07,64.95,C,1
56.12,63.33,84.62,69.73,70.46,79.43,53.5,77.76,C,1
85.15,79.56,60.15,75.13,63.07,84.54,80.11,71.55,B,1
